Expert_ID,Q_ID,SPP_ID,Q5th,Q50th,Q95th
5,1A,1,0,5,20
7,1A,1,0,10,100
9,1A,1,0,100,200
11,1A,1,10,40,100
13,1A,1,0,10,20
17,1A,1,0,1,50
1,1A,2,1600,1700,1800
2,1A,2,1300,1400,1500
3,1A,2,500,550,607
4,1A,2,1200,1400,1600
5,1A,2,1300,1400,1450
6,1A,2,1200,1500,1600
7,1A,2,1300,1400,1500
8,1A,2,850,1000,1400
9,1A,2,1400,1600,1650
10,1A,2,1200,1400,1600
11,1A,2,1200,1400,1500
12,1A,2,1400,1550,1700
13,1A,2,1350,1400,1500
14,1A,2,600,1000,1100
16,1A,2,1350,1450,1600
17,1A,2,1300,1440,1500
1,1A,3,500,700,800
2,1A,3,100,150,200
3,1A,3,150,250,600
4,1A,3,100,150,300
5,1A,3,100,150,300
6,1A,3,50,200,200
8,1A,3,100,150,300
9,1A,3,800,900,1000
10,1A,3,50,150,200
11,1A,3,150,250,400
12,1A,3,100,150,250
13,1A,3,100,150,200
16,1A,3,100,150,180
3,1A,4,800,850,1000
4,1A,4,1050,1150,1200
5,1A,4,800,900,1100
6,1A,4,500,650,1000
8,1A,4,400,500,600
9,1A,4,800,1000,1200
13,1A,4,0,10,20
1,1A,5,900,1200,1300
2,1A,5,0,15,50
3,1A,5,1000,1100,1800
4,1A,5,0,750,1000
5,1A,5,0,5,10
6,1A,5,0,500,1000
7,1A,5,0,0,100
8,1A,5,800,1000,1200
9,1A,5,700,800,1000
10,1A,5,0,500,1000
11,1A,5,50,900,1000
12,1A,5,1,100,500
13,1A,5,0,10,50
14,1A,5,0,5,20
15,1A,5,5,17.5,30
16,1A,5,10,50,500
17,1A,5,10,11,50
3,1A,6,1500,1550,1800
4,1A,6,900,950,1000
5,1A,6,750,900,1500
6,1A,6,1000,1100,1200
8,1A,6,800,900,1000
9,1A,6,700,1000,1100
1,1A,7,400,600,700
2,1A,7,5,30,50
3,1A,7,0,100,1100
4,1A,7,0,1000,1100
5,1A,7,0,20,100
6,1A,7,0,10,100
7,1A,7,0,0,100
8,1A,7,0,25,100
9,1A,7,0,100,200
10,1A,7,0,10,100
11,1A,7,50,100,400
12,1A,7,1,5,10
13,1A,7,10,25,100
14,1A,7,0,50,800
16,1A,7,5,10,50
17,1A,7,5,20,100
1,1A,8,800,900,1000
2,1A,8,600,900,1200
3,1A,8,800,1400,1600
4,1A,8,1000,1150,1300
5,1A,8,600,800,900
6,1A,8,800,1000,1200
7,1A,8,600,800,900
8,1A,8,800,1100,1200
9,1A,8,1000,1100,1200
10,1A,8,900,1000,1200
11,1A,8,750,900,1200
12,1A,8,800,950,1100
13,1A,8,800,1000,1200
14,1A,8,600,800,1100
15,1A,8,900,1825,2750
16,1A,8,800,900,950
17,1A,8,600,800,900
5,1A,9,0,20,50
7,1A,9,0,0,50
9,1A,9,50,100,200
11,1A,9,10,100,150
17,1A,9,50,100,200
1,1A,10,1000,1050,1200
2,1A,10,1400,1700,1800
3,1A,10,800,900,1500
4,1A,10,900,1050,1100
5,1A,10,1000,1050,1100
6,1A,10,700,1200,1400
7,1A,10,1500,1600,1700
8,1A,10,850,950,1100
9,1A,10,1000,1050,1100
10,1A,10,1000,1200,1300
11,1A,10,1500,1650,1750
12,1A,10,900,1000,1100
13,1A,10,900,1050,2000
14,1A,10,500,1200,1700
16,1A,10,1000,1030,1080
17,1A,10,1600,1710,1850
1,1A,12,960,1050,1100
2,1A,12,960,1000,1100
3,1A,12,700,800,1300
4,1A,12,800,825,950
5,1A,12,700,800,900
6,1A,12,900,960,1000
7,1A,12,750,950,1050
8,1A,12,700,800,1100
9,1A,12,800,900,1000
10,1A,12,900,960,1000
11,1A,12,700,950,1000
12,1A,12,900,960,1050
13,1A,12,800,900,1000
14,1A,12,700,960,1050
16,1A,12,800,980,1000
17,1A,12,800,960,1100
5,1A,14,0,1,10
7,1A,14,0,0,50
9,1A,14,1000,1100,1200
11,1A,14,10,20,50
13,1A,14,0,5,10
17,1A,14,0,1,100
1,1A,15,500,700,1000
2,1A,15,400,450,500
3,1A,15,500,600,1100
4,1A,15,700,770,950
5,1A,15,450,550,700
6,1A,15,500,550,700
7,1A,15,300,450,500
8,1A,15,400,600,700
9,1A,15,500,650,800
10,1A,15,500,550,700
11,1A,15,400,650,700
12,1A,15,500,550,700
13,1A,15,600,700,800
14,1A,15,300,400,570
16,1A,15,700,800,1000
17,1A,15,300,450,500
1,1A,16,1450,1500,1650
2,1A,16,500,700,800
3,1A,16,1000,1050,2228
4,1A,16,800,900,1000
5,1A,16,800,820,1000
6,1A,16,700,800,1000
8,1A,16,700,800,1200
9,1A,16,1000,1100,1200
10,1A,16,700,800,1000
11,1A,16,800,900,1000
12,1A,16,800,811,950
13,1A,16,700,800,900
16,1A,16,800,1000,1100
17,1A,16,1200,1350,1600
1,1A,17,1650,1680,1700
2,1A,17,1400,1650,1700
3,1A,17,1000,1250,2228
4,1A,17,1800,1875,1950
5,1A,17,1600,1650,1700
6,1A,17,1800,1800,1850
7,1A,17,1500,1650,1750
8,1A,17,1300,1600,1700
9,1A,17,1500,1550,1600
10,1A,17,1800,1800,1850
11,1A,17,1600,1750,1900
12,1A,17,1800,1850,1950
13,1A,17,1600,1700,1800
14,1A,17,1550,1600,1900
15,1A,17,1600,1700,1800
16,1A,17,1500,1700,1800
17,1A,17,1500,1650,1700
1,1A,19,1500,1650,1700
2,1A,19,1325,1400,1460
3,1A,19,1450,1500,1500
4,1A,19,1450,1500,1550
5,1A,19,1400,1500,1800
6,1A,19,1300,1450,1500
7,1A,19,1300,1400,1500
8,1A,19,1500,1550,1700
9,1A,19,1400,1500,1600
10,1A,19,1300,1450,1500
11,1A,19,1400,1500,1600
12,1A,19,1400,1500,1600
13,1A,19,1450,1500,1600
14,1A,19,1450,1452,1470
15,1A,19,1500,1600,1700
16,1A,19,1450,1500,1550
17,1A,19,1390,1452,1500
2,1A,20,1150,1250,1400
3,1A,20,900,1200,1600
4,1A,20,800,1500,1600
5,1A,20,1400,1450,1600
6,1A,20,700,1000,1400
7,1A,20,900,1050,1200
8,1A,20,500,600,800
9,1A,20,900,1100,1200
10,1A,20,800,1400,1600
11,1A,20,800,900,1000
12,1A,20,1000,1600,1650
13,1A,20,800,1600,1700
14,1A,20,1000,1400,1450
15,1A,20,1600,1700,1800
16,1A,20,1000,1500,1600
17,1A,20,900,1000,1100
5,1A,21,1600,1600,1800
7,1A,21,1500,1600,1700
9,1A,21,1500,1600,1650
11,1A,21,1600,1700,1750
13,1A,21,1550,1600,1650
17,1A,21,1600,1650,1800
1,1A,22,600,800,900
2,1A,22,5,15,50
3,1A,22,0,100,1800
4,1A,22,0,10,200
5,1A,22,0,10,50
6,1A,22,0,1,2
7,1A,22,0,0,20
8,1A,22,0,10,50
9,1A,22,50,200,500
10,1A,22,0,1,2
11,1A,22,5,10,20
12,1A,22,0,50,100
13,1A,22,10,50,100
14,1A,22,0,0,10
16,1A,22,5,30,50
17,1A,22,1,2,10
5,1A,23,900,1000,1200
9,1A,23,1000,1100,1300
13,1A,23,0,5,10
17,1A,23,1100,1200,1500
5,1A,24,900,1125,1150
7,1A,24,900,1000,1100
9,1A,24,1000,1050,1100
13,1A,24,950,1050,1100
17,1A,24,900,1000,1100
1,1A,25,1090,1100,1150
2,1A,25,850,900,1000
3,1A,25,800,900,1100
4,1A,25,900,950,1100
5,1A,25,900,1000,1100
6,1A,25,1000,1000,1200
7,1A,25,900,1000,1100
8,1A,25,700,1000,1100
9,1A,25,1000,1050,1100
10,1A,25,950,1000,1200
11,1A,25,850,1000,1100
12,1A,25,900,1000,1050
13,1A,25,850,900,1000
14,1A,25,800,900,1000
16,1A,25,500,800,900
17,1A,25,900,1000,1100
4,1A,26,1250,1450,1550
8,1A,26,800,900,1000
1,1A,27,750,1050,1100
3,1A,27,750,1100,1150
4,1A,27,900,1000,1200
5,1A,27,750,1050,1100
6,1A,27,900,900,1200
8,1A,27,900,1000,1100
9,1A,27,1000,1050,1100
10,1A,27,900,1000,1200
11,1A,27,900,1100,1300
12,1A,27,800,950,1000
13,1A,27,900,1050,1100
15,1A,27,750,925,1100
16,1A,27,800,1050,1100
17,1A,27,750,850,1000
2,1A,28,1000,1050,1100
3,1A,28,700,800,1100
4,1A,28,850,875,900
5,1A,28,900,1047,1100
6,1A,28,1000,1047,1100
7,1A,28,900,1050,1100
8,1A,28,900,1000,1100
9,1A,28,1100,1150,1200
10,1A,28,1000,1047,1100
11,1A,28,800,1000,1100
12,1A,28,950,1020,1120
13,1A,28,1000,1050,1100
14,1A,28,950,1050,1150
15,1A,28,1047,1273.5,1500
16,1A,28,900,1047,1100
17,1A,28,900,1047,1150
4,1A,29,1350,1400,1420
8,1A,29,1200,1450,1600
14,1A,29,1407,1561,1600
1,1A,30,700,1000,1100
2,1A,30,600,800,1000
3,1A,30,800,900,1100
4,1A,30,800,950,1000
5,1A,30,1000,1050,1100
6,1A,30,800,1000,1100
7,1A,30,600,850,1000
8,1A,30,800,1000,1200
9,1A,30,800,900,1100
10,1A,30,800,1000,1100
11,1A,30,700,900,1100
12,1A,30,950,960,1000
13,1A,30,900,1000,1200
14,1A,30,800,960,1050
16,1A,30,800,900,1100
17,1A,30,850,960,1050
1,1A,31,900,1000,1200
2,1A,31,1200,1350,1450
3,1A,31,850,1000,1100
4,1A,31,900,1000,1100
5,1A,31,800,850,1000
6,1A,31,900,1000,1300
7,1A,31,1000,1400,1600
8,1A,31,750,800,950
9,1A,31,1000,1000,1200
10,1A,31,900,1000,1300
11,1A,31,1200,1400,1600
12,1A,31,900,1000,1200
13,1A,31,800,900,1000
14,1A,31,1300,1450,1600
16,1A,31,1000,1300,1500
17,1A,31,1450,1500,1600
1,1A,32,1200,1300,1500
2,1A,32,900,1050,1200
3,1A,32,1000,1100,1380
4,1A,32,1000,1300,1400
5,1A,32,1200,1350,1400
6,1A,32,1000,1300,1400
7,1A,32,900,1100,1300
8,1A,32,900,1000,1100
9,1A,32,1300,1450,1500
10,1A,32,1000,1300,1400
11,1A,32,850,1000,1100
12,1A,32,1200,1381,1390
13,1A,32,1200,1400,1500
14,1A,32,950,1050,1100
15,1A,32,1300,1350,1400
16,1A,32,1000,1300,1400
17,1A,32,850,1000,1100
2,1A,33,650,750,800
3,1A,33,1500,1600,2228
4,1A,33,1100,1180,1300
5,1A,33,700,780,800
6,1A,33,600,780,800
7,1A,33,650,750,850
8,1A,33,1150,1200,1250
9,1A,33,680,750,780
10,1A,33,600,780,800
11,1A,33,600,750,800
12,1A,33,650,780,800
13,1A,33,650,780,850
14,1A,33,700,800,1000
15,1A,33,500,780,1000
17,1A,33,650,750,800
1,1A,34,5,50,200
2,1A,34,1,10,20
3,1A,34,1000,1100,1800
4,1A,34,0,400,1000
5,1A,34,0,2,5
6,1A,34,0,100,1000
7,1A,34,0,5,100
8,1A,34,300,450,500
9,1A,34,100,200,300
10,1A,34,0,100,1000
11,1A,34,1,1,100
12,1A,34,0,50,125
13,1A,34,0,10,50
14,1A,34,0,0,0
16,1A,34,2,10,30
17,1A,34,3,5,20
3,1A,35,700,750,1030
4,1A,35,300,350,400
5,1A,35,700,760,900
6,1A,35,900,1000,1100
8,1A,35,900,1100,1200
9,1A,35,400,500,600
13,1A,35,700,800,900
1,1A,36,750,800,900
2,1A,36,700,750,800
3,1A,36,600,750,800
4,1A,36,700,750,800
5,1A,36,600,750,800
6,1A,36,600,760,850
7,1A,36,600,750,1000
8,1A,36,600,900,1000
9,1A,36,600,750,1040
10,1A,36,600,760,850
11,1A,36,600,750,800
12,1A,36,600,700,800
13,1A,36,600,760,1000
14,1A,36,650,750,780
16,1A,36,650,750,850
17,1A,36,600,700,800
4,1A,37,1000,1070,1100
6,1A,37,600,700,900
8,1A,37,1500,1600,1700
5,1B,1,0,5,20
7,1B,1,0,10,100
9,1B,1,0,100,200
11,1B,1,10,40,100
13,1B,1,0,10,20
17,1B,1,0,1,50
1,1B,2,1600,1700,1800
2,1B,2,1400,1500,1600
3,1B,2,550,580,607
4,1B,2,1820,1850,1900
5,1B,2,1300,1450,1500
6,1B,2,1200,1600,1700
7,1B,2,1300,1550,1650
8,1B,2,700,1000,1700
9,1B,2,1500,1650,1700
10,1B,2,1200,1400,1600
11,1B,2,1300,1450,1550
12,1B,2,1500,1700,1900
13,1B,2,1350,1400,1500
14,1B,2,1400,1500,1600
16,1B,2,1400,1800,1900
17,1B,2,1400,1500,1600
1,1B,3,600,700,800
2,1B,3,100,150,250
3,1B,3,150,250,600
4,1B,3,100,150,300
5,1B,3,100,175,300
6,1B,3,50,150,250
8,1B,3,100,150,300
9,1B,3,800,900,1000
10,1B,3,50,150,200
11,1B,3,150,250,400
12,1B,3,100,150,250
13,1B,3,100,150,200
16,1B,3,100,150,180
3,1B,4,850,950,1000
4,1B,4,1000,1050,1200
5,1B,4,850,950,1150
6,1B,4,750,900,1100
8,1B,4,500,600,650
9,1B,4,800,1000,1200
13,1B,4,0,10,50
1,1B,5,900,1200,1300
2,1B,5,0,15,50
3,1B,5,1000,1100,1800
4,1B,5,0,850,900
5,1B,5,0,5,10
6,1B,5,0,700,1100
7,1B,5,0,0,100
8,1B,5,900,1200,1400
9,1B,5,800,900,1100
10,1B,5,0,700,1200
11,1B,5,400,900,1100
12,1B,5,1,100,500
13,1B,5,0,10,50
14,1B,5,5,20,800
15,1B,5,5,27.5,50
16,1B,5,10,50,500
17,1B,5,10,11,50
3,1B,6,1600,1650,1800
4,1B,6,950,980,1000
5,1B,6,800,950,1550
6,1B,6,1200,1300,1400
8,1B,6,850,1100,1400
9,1B,6,700,1000,1100
1,1B,7,450,650,900
2,1B,7,5,30,50
3,1B,7,50,150,1100
4,1B,7,0,500,1120
5,1B,7,0,20,100
6,1B,7,100,200,300
7,1B,7,0,0,100
8,1B,7,0,5,100
9,1B,7,0,100,200
10,1B,7,100,200,300
11,1B,7,500,750,800
12,1B,7,1,20,200
13,1B,7,50,100,500
14,1B,7,0,50,800
16,1B,7,5,100,200
17,1B,7,10,50,100
1,1B,8,850,950,1050
2,1B,8,700,1000,1400
3,1B,8,1200,1700,1800
4,1B,8,1300,1800,2200
5,1B,8,650,850,950
6,1B,8,700,1500,1600
7,1B,8,600,800,900
8,1B,8,1200,1400,1500
9,1B,8,1500,1600,1700
10,1B,8,1000,1500,1600
11,1B,8,850,900,1300
12,1B,8,1200,1400,1500
13,1B,8,900,1050,1300
14,1B,8,600,800,1100
16,1B,8,800,900,950
17,1B,8,600,800,1000
5,1B,9,0,20,50
7,1B,9,0,0,50
9,1B,9,50,100,200
11,1B,9,10,100,150
17,1B,9,50,100,200
1,1B,10,1100,1200,1300
2,1B,10,1450,1700,1850
3,1B,10,850,950,1550
4,1B,10,1000,1180,1200
5,1B,10,1050,1100,1150
6,1B,10,1000,1200,1400
7,1B,10,1500,1600,1700
8,1B,10,950,1050,1100
9,1B,10,1000,1050,1100
10,1B,10,1000,1200,1300
11,1B,10,1500,1650,1750
12,1B,10,950,1000,1100
13,1B,10,900,1050,2000
14,1B,10,500,1300,1800
16,1B,10,1050,1100,1150
17,1B,10,1650,1700,1850
2,1B,12,1000,1050,1100
3,1B,12,750,850,1300
4,1B,12,840,920,980
5,1B,12,750,850,959
6,1B,12,1000,1000,1200
7,1B,12,850,1050,1150
8,1B,12,900,1150,1300
9,1B,12,900,1000,1100
10,1B,12,1000,1000,1200
11,1B,12,700,950,1000
12,1B,12,960,1000,1100
13,1B,12,800,900,1000
14,1B,12,700,960,1050
16,1B,12,900,1030,1100
17,1B,12,900,960,1200
5,1B,14,0,1,10
7,1B,14,0,0,50
9,1B,14,1100,1150,1200
11,1B,14,10,20,50
13,1B,14,0,5,10
17,1B,14,0,1,100
1,1B,15,500,700,1000
2,1B,15,400,450,500
3,1B,15,550,550,1100
4,1B,15,790,850,900
5,1B,15,500,600,750
6,1B,15,550,700,700
7,1B,15,300,450,600
8,1B,15,500,550,650
9,1B,15,600,650,700
10,1B,15,550,700,700
11,1B,15,500,650,800
12,1B,15,550,600,750
13,1B,15,600,700,800
14,1B,15,300,400,570
16,1B,15,700,850,1000
17,1B,15,300,450,500
1,1B,16,1500,1650,1700
2,1B,16,600,700,800
3,1B,16,1050,1100,2228
4,1B,16,1000,1150,1175
5,1B,16,850,870,1050
6,1B,16,700,800,1000
8,1B,16,700,800,1200
9,1B,16,1000,1100,1200
10,1B,16,700,800,1000
11,1B,16,850,950,1000
12,1B,16,900,950,1000
13,1B,16,700,800,900
16,1B,16,800,1000,1100
17,1B,16,1250,1350,1650
1,1B,17,1650,1680,1700
2,1B,17,1400,1650,1700
3,1B,17,1100,1350,2228
4,1B,17,1850,1890,1975
5,1B,17,1600,1650,1700
6,1B,17,1800,1800,1850
7,1B,17,1500,1650,1850
8,1B,17,1300,1600,1700
9,1B,17,1500,1550,1600
10,1B,17,1800,1800,1850
11,1B,17,1600,1750,1900
12,1B,17,1850,1900,2000
13,1B,17,1600,1700,1800
14,1B,17,1550,1600,1900
15,1B,17,1600,1700,1800
16,1B,17,1500,1700,1850
17,1B,17,1500,1650,1700
1,1B,19,1550,1680,1750
2,1B,19,1325,1400,1460
3,1B,19,1500,1525,1550
4,1B,19,1475,1570,1600
5,1B,19,1450,1550,1850
6,1B,19,1400,1600,1700
7,1B,19,1300,1400,1600
8,1B,19,1500,1550,1700
9,1B,19,1400,1500,1600
10,1B,19,1400,1600,1700
11,1B,19,1400,1500,1700
12,1B,19,1500,1600,1700
13,1B,19,1500,1520,1600
14,1B,19,1450,1452,1600
15,1B,19,1600,1675,1750
16,1B,19,1450,1580,1650
17,1B,19,1400,1500,1600
2,1B,20,1150,1250,1400
3,1B,20,1000,1300,1600
4,1B,20,1000,1550,1600
5,1B,20,1450,1500,1650
6,1B,20,900,1400,1500
7,1B,20,900,1050,1200
8,1B,20,600,750,800
9,1B,20,900,1100,1200
10,1B,20,1000,1600,1800
11,1B,20,900,900,1100
12,1B,20,1000,1600,1650
13,1B,20,800,1600,1700
14,1B,20,1200,1400,1600
16,1B,20,1000,1500,1650
17,1B,20,1000,1050,1200
5,1B,21,1650,1650,1850
7,1B,21,1500,1600,1800
9,1B,21,1550,1650,1700
11,1B,21,1600,1700,1750
13,1B,21,1550,1600,1650
17,1B,21,1650,1700,1800
1,1B,22,700,800,950
2,1B,22,5,50,150
3,1B,22,0,150,1800
4,1B,22,50,400,500
5,1B,22,0,10,50
6,1B,22,0,200,300
7,1B,22,0,0,20
8,1B,22,0,5,50
9,1B,22,50,200,400
10,1B,22,0,200,300
11,1B,22,5,10,100
12,1B,22,0,50,100
13,1B,22,10,50,150
14,1B,22,0,0,10
16,1B,22,5,30,80
17,1B,22,10,100,200
5,1B,23,950,1050,1250
9,1B,23,1200,1250,1300
13,1B,23,0,5,10
17,1B,23,1150,1200,1500
5,1B,24,950,1200,1200
7,1B,24,950,1050,1150
9,1B,24,1100,1150,1200
13,1B,24,100,1100,1150
17,1B,24,950,1100,1300
1,1B,25,1100,1150,1250
2,1B,25,950,1025,1100
3,1B,25,850,950,1150
4,1B,25,950,975,1100
5,1B,25,1000,1100,1100
6,1B,25,1100,1200,1400
7,1B,25,1000,1000,1200
8,1B,25,800,1100,1200
9,1B,25,1000,1100,1150
10,1B,25,1100,1200,1400
11,1B,25,950,1150,1350
12,1B,25,950,1050,1100
13,1B,25,900,950,1050
14,1B,25,900,1000,1200
15,1B,25,1150,1200,1250
16,1B,25,700,1000,1100
17,1B,25,950,1100,1300
4,1B,26,1300,1490,1580
8,1B,26,800,900,1000
1,1B,27,950,1150,1250
3,1B,27,775,1125,1150
4,1B,27,1660,1860,1920
5,1B,27,800,1100,1150
6,1B,27,950,1050,1200
8,1B,27,1000,1150,1200
9,1B,27,1000,1100,1200
10,1B,27,950,1050,1200
11,1B,27,950,1100,1350
12,1B,27,850,1000,1050
13,1B,27,900,1050,1100
15,1B,27,800,1000,1200
16,1B,27,800,1150,1300
17,1B,27,800,900,1050
2,1B,28,1000,1050,1100
3,1B,28,750,850,1100
4,1B,28,875,950,1000
5,1B,28,900,1047,1100
6,1B,28,1000,1000,1300
7,1B,28,900,1050,1100
8,1B,28,900,1100,1100
9,1B,28,1100,1150,1200
10,1B,28,1000,1000,1300
11,1B,28,800,1000,1100
12,1B,28,1000,1100,1200
13,1B,28,1000,1050,1100
14,1B,28,950,1050,1150
15,1B,28,1000,1250,1500
16,1B,28,900,1047,1150
17,1B,28,1000,1070,1150
4,1B,29,900,980,1100
8,1B,29,1200,1450,1600
14,1B,29,1600,1650,1700
1,1B,30,800,1100,1300
2,1B,30,700,950,1200
3,1B,30,900,1000,1300
4,1B,30,800,1100,1200
5,1B,30,1050,1100,1150
6,1B,30,1000,1100,1200
7,1B,30,600,850,1000
8,1B,30,900,1100,1300
9,1B,30,900,1000,1300
10,1B,30,1000,1100,1200
11,1B,30,800,900,1100
13,1B,30,950,1050,1200
16,1B,30,800,950,1200
17,1B,30,850,960,1100
1,1B,31,800,850,1100
2,1B,31,1300,1350,1450
3,1B,31,900,1050,1150
4,1B,31,940,1030,1100
5,1B,31,850,900,1050
6,1B,31,900,1000,1300
7,1B,31,1000,1400,1600
8,1B,31,800,900,1000
9,1B,31,1000,1000,1200
10,1B,31,900,1000,1300
11,1B,31,1200,1400,1600
12,1B,31,1000,1100,1300
13,1B,31,800,900,1000
14,1B,31,1300,1450,1600
16,1B,31,1300,1500,1600
17,1B,31,1450,1550,1650
1,1B,32,1250,1350,1550
2,1B,32,1000,1200,1300
3,1B,32,1100,1200,1480
4,1B,32,1000,1070,1200
5,1B,32,1250,1400,1450
6,1B,32,1200,1500,1600
7,1B,32,900,1200,1400
8,1B,32,1200,1250,1400
9,1B,32,1450,1500,1550
10,1B,32,1200,1500,1600
11,1B,32,950,1100,1200
12,1B,32,1380,1450,1500
13,1B,32,1200,1450,1500
14,1B,32,1100,1200,1300
15,1B,32,1350,1375,1400
16,1B,32,1000,1350,1470
17,1B,32,900,1100,1300
2,1B,33,650,750,800
3,1B,33,1700,1750,2228
4,1B,33,1200,1220,1300
5,1B,33,750,820,850
6,1B,33,800,900,1000
7,1B,33,650,750,850
8,1B,33,1300,1350,1400
9,1B,33,700,750,800
10,1B,33,800,900,1000
11,1B,33,600,800,900
12,1B,33,650,780,800
13,1B,33,650,780,850
15,1B,33,500,1450,1500
17,1B,33,650,750,800
1,1B,34,50,200,2100
2,1B,34,1,10,20
3,1B,34,1050,1150,1800
4,1B,34,0,750,1000
5,1B,34,0,2,5
6,1B,34,0,100,1000
7,1B,34,0,5,100
8,1B,34,350,450,550
9,1B,34,100,200,300
10,1B,34,0,100,1000
11,1B,34,1,30,100
12,1B,34,0,50,125
13,1B,34,0,10,50
14,1B,34,30,900,1400
15,1B,34,0,725,1450
16,1B,34,2,10,30
17,1B,34,3,5,20
3,1B,35,750,800,1030
4,1B,35,330,400,450
5,1B,35,700,760,900
6,1B,35,700,1100,1200
8,1B,35,1000,1200,1250
9,1B,35,400,500,600
13,1B,35,700,800,900
1,1B,36,800,950,1000
2,1B,36,700,750,800
3,1B,36,620,770,820
4,1B,36,900,1000,1100
5,1B,36,600,750,800
6,1B,36,700,970,1000
7,1B,36,600,750,1000
8,1B,36,900,950,1100
9,1B,36,600,750,1040
10,1B,36,700,970,1000
11,1B,36,700,850,1000
12,1B,36,700,800,900
13,1B,36,600,760,1000
14,1B,36,750,800,900
16,1B,36,650,750,1000
17,1B,36,650,750,900
4,1B,37,1020,1080,1100
6,1B,37,500,750,1000
8,1B,37,1600,1680,1700
5,2A,1,1800,1950,2000
7,2A,1,1800,1900,2100
9,2A,1,1400,1600,1800
11,2A,1,1850,1900,1950
13,2A,1,1900,1900,2100
17,2A,1,1750,1800,1900
1,2A,2,1850,1900,1910
2,2A,2,2150,2200,2200
3,2A,2,2000,2050,2100
4,2A,2,1900,2000,2200
5,2A,2,1900,1950,2200
6,2A,2,1900,2000,2100
7,2A,2,2100,2150,2228
8,2A,2,1900,2100,2200
9,2A,2,2000,2200,2228
10,2A,2,1900,2100,2200
11,2A,2,2000,2100,2200
12,2A,2,2000,2150,2200
13,2A,2,2150,2200,2228
14,2A,2,2100,2200,2228
16,2A,2,1900,2150,2200
17,2A,2,2100,2190,2200
1,2A,3,1100,1300,1500
2,2A,3,1270,1270,1270
3,2A,3,800,950,1030
4,2A,3,1100,1249,1250
5,2A,3,1200,1265,1270
6,2A,3,1200,1200,1200
8,2A,3,900,1270,1400
9,2A,3,1600,1700,1800
10,2A,3,1249,1250,1269
11,2A,3,1200,1250,1270
12,2A,3,1200,1250,1270
13,2A,3,1100,1150,1200
16,2A,3,1240,1260,1270
3,2A,4,900,950,1000
4,2A,4,1300,1350,1400
5,2A,4,1100,1300,1600
6,2A,4,1100,1300,1600
8,2A,4,1500,1550,1600
9,2A,4,1300,1400,1500
13,2A,4,1000,1100,1150
1,2A,5,1750,1900,2100
2,2A,5,1900,2000,2100
3,2A,5,1500,2000,2100
4,2A,5,1950,2050,2100
5,2A,5,1200,2050,2200
6,2A,5,1400,1900,2200
7,2A,5,1900,2100,2200
8,2A,5,1800,1900,2000
9,2A,5,1600,1900,2100
10,2A,5,1500,2000,2228
11,2A,5,1850,1900,2100
12,2A,5,1900,2000,2100
13,2A,5,2000,2100,2200
14,2A,5,1900,2100,2200
16,2A,5,1900,2000,2100
17,2A,5,1800,1900,2100
3,2A,6,1450,1650,1800
4,2A,6,1700,1750,1800
5,2A,6,1400,1800,2200
6,2A,6,1700,1750,1900
8,2A,6,1800,1860,1900
9,2A,6,1300,1400,1500
1,2A,7,750,1050,1100
2,2A,7,1050,1150,1300
3,2A,7,850,1100,1250
4,2A,7,1000,1100,1100
5,2A,7,1100,1250,1300
7,2A,7,1000,1100,1250
8,2A,7,800,1100,1200
9,2A,7,800,1100,1200
10,2A,7,1000,1100,1200
11,2A,7,1000,1100,1250
12,2A,7,1050,1100,1200
13,2A,7,900,1100,1200
14,2A,7,1050,1100,1250
16,2A,7,1050,1100,1250
17,2A,7,1100,1150,1250
1,2A,8,1800,2050,2150
2,2A,8,2000,2100,2200
3,2A,8,1800,2100,2228
4,2A,8,1900,2200,2220
5,2A,8,1800,2228,2250
6,2A,8,2226,2227,2228
7,2A,8,1950,2100,2228
8,2A,8,1700,2000,2200
9,2A,8,1700,2200,2228
10,2A,8,2226,2227,2228
11,2A,8,2000,2100,2200
12,2A,8,2150,2227,2228
13,2A,8,2200,2225,2228
14,2A,8,1960,2100,2228
16,2A,8,2000,2150,2200
17,2A,8,1950,2100,2220
5,2A,9,1900,1950,2100
7,2A,9,1800,1950,2100
9,2A,9,1600,1800,1900
11,2A,9,1600,1800,1900
17,2A,9,1900,1950,2100
1,2A,10,2100,2150,2220
2,2A,10,1700,1800,1900
3,2A,10,2100,2150,2200
4,2A,10,1450,1580,1600
5,2A,10,1800,1900,1970
6,2A,10,1800,1900,1950
7,2A,10,1600,1800,2000
8,2A,10,2000,2050,2200
9,2A,10,1800,1900,1980
10,2A,10,1800,1900,1950
11,2A,10,1800,1900,2000
12,2A,10,1900,1970,2000
13,2A,10,1850,1950,2000
14,2A,10,1700,1750,1850
16,2A,10,1920,1950,1980
17,2A,10,1750,1800,1900
1,2A,12,1200,1300,1500
2,2A,12,1200,1300,1350
3,2A,12,900,1200,1300
4,2A,12,1200,1320,1350
5,2A,12,1200,1300,1400
6,2A,12,1300,1300,1400
7,2A,12,1200,1300,1400
8,2A,12,1100,1300,1300
9,2A,12,1300,1350,1400
10,2A,12,1300,1300,1400
11,2A,12,1200,1300,1350
12,2A,12,1200,1300,1500
13,2A,12,1200,1300,1350
14,2A,12,1000,1200,1300
16,2A,12,1250,1300,1350
17,2A,12,1100,1300,1400
5,2A,14,1900,2200,2228
7,2A,14,1900,2000,2228
9,2A,14,1600,1800,1900
11,2A,14,1800,1950,2100
13,2A,14,1900,2000,2228
17,2A,14,1950,2100,2228
1,2A,15,1200,1500,1600
2,2A,15,1800,1950,2100
3,2A,15,1500,1800,2000
4,2A,15,1530,1650,1700
5,2A,15,1500,2050,2200
6,2A,15,1300,2000,2100
7,2A,15,1800,1900,2100
8,2A,15,1400,1500,1520
9,2A,15,1400,1600,2000
10,2A,15,1300,2000,2100
11,2A,15,1500,1850,2100
12,2A,15,1600,1700,2000
13,2A,15,1950,2050,2100
14,2A,15,1520,1900,2100
16,2A,15,2000,2050,2100
17,2A,15,1800,2050,2100
1,2A,16,1800,1900,1950
2,2A,16,1500,1800,1950
3,2A,16,1800,2100,2228
4,2A,16,1650,1700,1850
5,2A,16,1850,1900,1950
6,2A,16,1700,1800,2000
8,2A,16,1500,1700,1800
9,2A,16,1600,1700,1800
10,2A,16,1700,1800,2000
11,2A,16,1800,1900,1950
12,2A,16,1700,1800,1900
13,2A,16,1800,1900,2000
16,2A,16,1750,1850,1900
17,2A,16,1600,1750,1800
1,2A,17,1900,2000,2100
2,2A,17,2000,2050,2100
3,2A,17,2000,2100,2228
4,2A,17,2020,2080,2100
5,2A,17,1700,2100,2200
6,2A,17,1900,1950,2000
7,2A,17,2000,2200,2228
8,2A,17,1900,2000,2200
9,2A,17,1700,1800,1900
10,2A,17,1900,1950,2000
11,2A,17,2000,2100,2200
12,2A,17,1950,2050,2150
13,2A,17,2000,2100,2200
14,2A,17,1900,2100,2220
16,2A,17,1889,1890,2100
17,2A,17,2000,2100,2150
1,2A,19,1950,2000,2100
2,2A,19,1900,2000,2200
3,2A,19,1900,2100,2228
4,2A,19,2050,2120,2180
5,2A,19,2200,2228,2228
6,2A,19,2226,2227,2228
7,2A,19,1950,2100,2228
8,2A,19,2100,2150,2200
9,2A,19,1900,2200,2228
10,2A,19,2226,2227,2228
11,2A,19,1850,2000,2150
12,2A,19,1900,2227,2228
13,2A,19,2000,2100,2228
14,2A,19,1980,2100,2150
15,2A,19,1800,2000,2200
16,2A,19,1970,2190,2196
17,2A,19,1900,1950,2050
2,2A,20,1850,2000,2100
3,2A,20,1700,1800,1893
4,2A,20,1850,2000,2100
5,2A,20,1800,1900,2100
6,2A,20,1800,2000,2228
7,2A,20,1800,1950,2050
8,2A,20,1600,1750,1800
9,2A,20,1700,1900,2000
10,2A,20,2000,2100,2228
11,2A,20,1750,1900,2000
12,2A,20,1950,2000,2100
13,2A,20,1900,2000,2100
14,2A,20,1900,2000,2200
15,2A,20,1800,1850,1900
16,2A,20,1800,1900,2200
17,2A,20,1800,1950,2000
5,2A,21,1900,1950,2100
7,2A,21,1800,1950,2050
9,2A,21,1800,1900,2000
11,2A,21,1800,1900,2000
13,2A,21,1850,1950,2200
17,2A,21,1900,1950,2100
1,2A,22,1800,2000,2100
2,2A,22,2000,2100,2200
3,2A,22,1800,1900,2228
4,2A,22,2100,2160,2180
5,2A,22,1600,2200,2228
6,2A,22,2190,2200,2228
7,2A,22,2000,2100,2228
8,2A,22,1700,1950,2000
9,2A,22,1700,1990,2200
10,2A,22,2190,2200,2228
11,2A,22,2000,2200,2220
12,2A,22,2160,2200,2228
13,2A,22,1900,2000,2228
14,2A,22,2200,2208,2228
15,2A,22,10,1055,2100
16,2A,22,1900,2000,2200
17,2A,22,2150,2190,2220
5,2A,23,1900,2100,2228
9,2A,23,1400,2000,2200
13,2A,23,2000,2200,2228
17,2A,23,1900,2000,2200
5,2A,24,1450,1550,1640
7,2A,24,1400,1600,1620
9,2A,24,1400,1450,1500
13,2A,24,1600,1610,1617
17,2A,24,1450,1500,1615
1,2A,25,1400,1500,1550
2,2A,25,1200,1300,1400
3,2A,25,1400,1550,1600
4,2A,25,1250,1400,1500
5,2A,25,1250,1400,1450
6,2A,25,1250,1400,1500
7,2A,25,1100,1300,1550
8,2A,25,1300,1550,1650
9,2A,25,1350,1400,1500
10,2A,25,1350,1400,1500
11,2A,25,1450,1500,1620
12,2A,25,1300,1400,1425
13,2A,25,1450,1500,1550
14,2A,25,1400,1550,1623
16,2A,25,1320,1380,1420
17,2A,25,1400,1500,1615
4,2A,26,1660,1660,1800
8,2A,26,2040,2075,2100
1,2A,27,1900,1990,2100
3,2A,27,2000,2200,2200
4,2A,27,1850,1950,2150
5,2A,27,1900,1990,2100
6,2A,27,1900,2000,2228
8,2A,27,1700,1950,2000
9,2A,27,1850,1900,2000
10,2A,27,1900,2000,2228
11,2A,27,2000,2100,2220
12,2A,27,1950,2200,2228
13,2A,27,2000,2100,2200
15,2A,27,1800,2000,2200
16,2A,27,1900,2050,2200
17,2A,27,1800,2050,2100
2,2A,28,1150,1230,1250
3,2A,28,900,1100,1256
4,2A,28,1180,1240,1260
5,2A,28,1200,1230,1240
6,2A,28,1229,1230,1231
7,2A,28,1200,1230,1300
8,2A,28,1100,1300,1350
9,2A,28,1500,1700,1800
10,2A,28,1229,1230,1231
11,2A,28,1200,1250,1300
12,2A,28,1200,1250,1300
13,2A,28,1200,1230,1250
14,2A,28,1150,1230,1300
15,2A,28,1100,1165,1230
16,2A,28,1190,1230,1250
17,2A,28,1150,1230,1300
4,2A,29,1400,1450,1480
8,2A,29,1600,1750,1800
14,2A,29,1970,1980,1986
1,2A,30,1500,1550,1560
2,2A,30,1000,1200,1550
3,2A,30,1300,1400,1550
4,2A,30,1100,1210,1320
5,2A,30,1400,1550,1560
6,2A,30,1300,1500,1560
7,2A,30,900,1100,1565
8,2A,30,1300,1350,1600
9,2A,30,1300,1450,1500
10,2A,30,1300,1500,1560
11,2A,30,1300,1400,1550
12,2A,30,1530,1560,1567
13,2A,30,1500,1560,1600
14,2A,30,1000,1200,1560
16,2A,30,1400,1470,1500
17,2A,30,1200,1300,1400
1,2A,31,2000,2150,2200
2,2A,31,1950,2050,2200
3,2A,31,2000,2100,2228
4,2A,31,1900,2050,2228
5,2A,31,2100,2200,2228
6,2A,31,2226,2227,2228
7,2A,31,2000,2100,2228
8,2A,31,1800,2000,2000
9,2A,31,1700,1900,2000
10,2A,31,2226,2227,2228
11,2A,31,1900,2000,2100
12,2A,31,1900,2200,2228
13,2A,31,1600,1700,1800
14,2A,31,2000,2100,2220
16,2A,31,1900,2100,2225
17,2A,31,2000,2050,2150
1,2A,32,1500,1600,1800
2,2A,32,1400,1650,1900
3,2A,32,1400,1800,1893
4,2A,32,1800,1875,1950
5,2A,32,1400,1800,1900
6,2A,32,1450,1500,1560
7,2A,32,1700,1800,1900
8,2A,32,1400,1750,1800
9,2A,32,1600,1700,1750
10,2A,32,1450,1500,1560
11,2A,32,1700,1750,1850
12,2A,32,1814,1850,1986
13,2A,32,1800,1900,1950
14,2A,32,1750,1820,1900
16,2A,32,1750,1800,1900
17,2A,32,1650,1750,1850
2,2A,33,1500,1590,1625
3,2A,33,1900,2128,2228
4,2A,33,1650,1685,1750
5,2A,33,1450,1550,1700
6,2A,33,1400,1500,1800
7,2A,33,1400,1550,1600
8,2A,33,1600,1700,1800
9,2A,33,1400,1590,1600
10,2A,33,1400,1500,1800
11,2A,33,1500,1600,1650
12,2A,33,1500,1600,1700
13,2A,33,1500,1650,1900
14,2A,33,1400,1590,1700
15,2A,33,1600,1700,1800
17,2A,33,1450,1590,1700
1,2A,34,1700,1800,1980
2,2A,34,1400,1500,1600
3,2A,34,1600,1750,1800
4,2A,34,1320,1550,1620
5,2A,34,1600,1700,1800
6,2A,34,1300,1700,2200
7,2A,34,1600,1750,1800
8,2A,34,1700,1800,1900
9,2A,34,1500,1600,1700
10,2A,34,1300,1700,2200
11,2A,34,1300,1650,1800
12,2A,34,1700,1800,1900
13,2A,34,1500,1650,1800
14,2A,34,1500,1600,1750
16,2A,34,1700,1800,1900
17,2A,34,1600,1700,1750
3,2A,35,800,950,1030
4,2A,35,1000,1100,1150
5,2A,35,1700,1750,1800
6,2A,35,1500,1550,1700
8,2A,35,1400,1550,1600
9,2A,35,1400,1500,1600
13,2A,35,1500,1580,1600
1,2A,36,1600,1750,1800
2,2A,36,1600,1750,1900
3,2A,36,1750,1750,1893
4,2A,36,1600,1750,1830
5,2A,36,1600,1750,1800
6,2A,36,1750,1800,1850
7,2A,36,1600,1750,1850
8,2A,36,1500,1780,1800
9,2A,36,1500,1700,1750
10,2A,36,1750,1800,1850
11,2A,36,1700,1750,1800
12,2A,36,1720,1780,1850
13,2A,36,1700,1780,1850
14,2A,36,1750,1770,1790
16,2A,36,1700,1750,1800
17,2A,36,1500,1700,1800
4,2A,37,1760,1820,1860
6,2A,37,1500,1800,2000
8,2A,37,1650,1700,1700
5,2B,1,1800,1950,2000
7,2B,1,1800,1900,2228
9,2B,1,1400,1600,1800
11,2B,1,1850,1900,1950
13,2B,1,1900,1900,2100
17,2B,1,1800,1850,1950
1,2B,2,1850,1900,1950
2,2B,2,2150,2200,2200
3,2B,2,2050,2100,2150
4,2B,2,1800,1870,1910
5,2B,2,1900,2000,2200
6,2B,2,1900,2100,2200
7,2B,2,2100,2150,2228
8,2B,2,1900,2100,2200
9,2B,2,2000,2200,2228
10,2B,2,1900,2200,2228
11,2B,2,2000,2100,2200
12,2B,2,2000,2150,2200
13,2B,2,2150,2200,2228
14,2B,2,2100,2200,2228
16,2B,2,1900,2150,2200
17,2B,2,2100,2190,2200
1,2B,3,1100,1300,1500
2,2B,3,1270,1270,1270
3,2B,3,850,1000,1030
4,2B,3,1100,1249,1250
5,2B,3,1200,1265,1270
6,2B,3,1200,1249,1269
8,2B,3,900,1270,1400
9,2B,3,1600,1700,1800
10,2B,3,1249,1250,1269
11,2B,3,1100,1250,1270
12,2B,3,1200,1250,1270
13,2B,3,1100,1150,1200
16,2B,3,1240,1260,1270
3,2B,4,950,990,1000
4,2B,4,1250,1325,1400
5,2B,4,1150,1400,1600
6,2B,4,1200,1600,1617
8,2B,4,1350,1450,1500
9,2B,4,1300,1400,1500
13,2B,4,1000,1100,1150
1,2B,5,1750,1900,2100
2,2B,5,1900,2000,2100
3,2B,5,1550,2050,2150
4,2B,5,1800,2050,2100
5,2B,5,1250,2100,2200
6,2B,5,1700,2100,2200
7,2B,5,1900,2200,2228
8,2B,5,1800,1900,2000
9,2B,5,1600,1900,2100
10,2B,5,1700,2100,2228
11,2B,5,1900,1950,2200
12,2B,5,1900,2000,2100
13,2B,5,2000,2100,2200
14,2B,5,1900,2100,2200
16,2B,5,1900,2050,2200
17,2B,5,1850,1950,2100
3,2B,6,1500,1700,1800
4,2B,6,1720,1770,1820
5,2B,6,1450,1900,2250
6,2B,6,1700,1800,2000
8,2B,6,1800,1860,1900
9,2B,6,1300,1400,1500
1,2B,7,800,1150,1300
2,2B,7,1100,1250,1300
3,2B,7,950,1150,1250
4,2B,7,1000,1100,1220
5,2B,7,1100,1275,1300
6,2B,7,500,700,1000
7,2B,7,1000,1100,1250
8,2B,7,900,1200,1300
9,2B,7,800,1100,1200
10,2B,7,1000,1100,1200
11,2B,7,1000,1100,1250
12,2B,7,1100,1150,1250
13,2B,7,900,1100,1200
14,2B,7,1250,1250,1254
16,2B,7,1050,1150,1250
17,2B,7,1100,1150,1250
1,2B,8,1850,2190,2200
2,2B,8,2000,2100,2200
3,2B,8,1900,2150,2228
4,2B,8,1900,2200,2228
5,2B,8,1650,2228,2250
6,2B,8,1800,2000,2228
7,2B,8,1950,2100,2228
8,2B,8,1800,2100,2200
9,2B,8,1700,1900,2200
10,2B,8,1800,2000,2228
11,2B,8,1900,2000,2200
12,2B,8,2150,2227,2228
13,2B,8,2200,2225,2228
14,2B,8,1960,2100,2228
16,2B,8,2000,2150,2200
17,2B,8,2000,2050,2220
5,2B,9,1950,2000,21150
7,2B,9,1800,1950,2100
9,2B,9,1600,1800,1900
11,2B,9,1600,1750,1900
17,2B,9,1950,1950,2050
1,2B,10,2150,2200,2220
2,2B,10,1750,1850,1950
3,2B,10,2150,2175,2200
4,2B,10,1475,1600,1620
5,2B,10,1800,1900,1970
6,2B,10,1700,1800,1800
7,2B,10,1600,1800,2000
8,2B,10,1900,1950,2000
9,2B,10,1800,1900,1950
10,2B,10,1700,1800,1800
11,2B,10,1800,1850,1950
12,2B,10,1900,1970,2000
13,2B,10,1850,1950,2000
14,2B,10,1700,1700,1800
16,2B,10,1800,1850,1980
17,2B,10,1750,1800,1900
1,2B,12,1200,1300,1400
2,2B,12,1200,1300,1350
3,2B,12,950,1250,1300
4,2B,12,1050,1080,1100
5,2B,12,1200,1300,1400
6,2B,12,1300,1300,1400
7,2B,12,1200,1300,1400
8,2B,12,1100,1300,1300
9,2B,12,1300,1350,1400
10,2B,12,1300,1300,1400
11,2B,12,1100,1200,1300
12,2B,12,1200,1300,1500
13,2B,12,1200,1300,1350
14,2B,12,1000,1200,1300
16,2B,12,1100,1300,1350
17,2B,12,1150,1250,1400
5,2B,14,2000,2200,2228
7,2B,14,1900,2000,2228
9,2B,14,1700,1850,2000
11,2B,14,1800,1950,2100
13,2B,14,1900,2000,2228
17,2B,14,2000,2150,2228
1,2B,15,1200,1500,1600
2,2B,15,1800,1950,2100
3,2B,15,1550,1850,2000
4,2B,15,1500,1575,1700
5,2B,15,1550,2100,2250
6,2B,15,1400,1900,2000
7,2B,15,1800,1900,2100
8,2B,15,1300,1400,1450
9,2B,15,1500,1600,1900
10,2B,15,1400,1900,2000
11,2B,15,1500,1800,2000
12,2B,15,1600,1700,2000
13,2B,15,1400,1500,1700
14,2B,15,1400,1520,1600
16,2B,15,2000,2050,2100
17,2B,15,1900,2050,2100
1,2B,16,1800,1900,2000
2,2B,16,1600,1900,2000
3,2B,16,1850,2150,2228
4,2B,16,1700,1800,1900
5,2B,16,1900,1950,2000
6,2B,16,1700,1800,2000
8,2B,16,1500,1700,1800
9,2B,16,1600,1750,1800
10,2B,16,1700,1800,2000
11,2B,16,1850,1950,2000
12,2B,16,1750,1850,1950
13,2B,16,1800,1900,2000
16,2B,16,1800,1900,2100
17,2B,16,1650,1800,1900
1,2B,17,1900,2000,2100
2,2B,17,2000,2050,2100
3,2B,17,2000,2100,2228
4,2B,17,2020,2080,2100
5,2B,17,1700,2100,2200
6,2B,17,1900,1950,2000
7,2B,17,2000,2200,2228
8,2B,17,1900,2000,2200
9,2B,17,1700,1800,1900
10,2B,17,1900,1950,2000
11,2B,17,1850,1900,2200
12,2B,17,2000,2050,2150
13,2B,17,2000,2100,2200
14,2B,17,1900,2100,2220
16,2B,17,1889,1890,2100
17,2B,17,2000,2100,2150
1,2B,19,1950,2050,2100
2,2B,19,1900,2000,2200
3,2B,19,1905,2150,2228
4,2B,19,2070,2150,2185
5,2B,19,2200,2228,2228
6,2B,19,1800,1900,1900
7,2B,19,1950,2100,2228
8,2B,19,2100,2150,2200
9,2B,19,1900,2200,2228
10,2B,19,1800,1900,1900
11,2B,19,1850,2000,2150
12,2B,19,1900,2100,2150
13,2B,19,2000,2100,2228
14,2B,19,1980,2150,2200
15,2B,19,1700,1900,2100
16,2B,19,2000,2190,2196
17,2B,19,1950,2000,2100
2,2B,20,1850,2000,2100
3,2B,20,1750,1850,1893
4,2B,20,1700,1990,2000
5,2B,20,1850,1950,2150
6,2B,20,2200,2227,2228
7,2B,20,1800,1950,2228
8,2B,20,1400,1650,1700
9,2B,20,1700,1900,2000
10,2B,20,2200,2227,2228
11,2B,20,1800,1950,2100
12,2B,20,1950,2000,2100
13,2B,20,1900,2000,2100
14,2B,20,1900,2000,2200
16,2B,20,1800,1980,2200
17,2B,20,1900,2050,2100
5,2B,21,1950,2000,2100
7,2B,21,1800,1950,2050
9,2B,21,1800,2000,2100
11,2B,21,1800,1900,2000
13,2B,21,1850,1950,2200
17,2B,21,1950,2000,2100
1,2B,22,1900,2050,2200
2,2B,22,2000,2100,2200
3,2B,22,1800,1900,2228
4,2B,22,2150,2175,2190
5,2B,22,1600,2200,2228
6,2B,22,2190,2200,2228
7,2B,22,2000,2100,2228
8,2B,22,1700,1950,2000
9,2B,22,1800,1900,2200
10,2B,22,2190,2200,2228
11,2B,22,2000,2200,2220
12,2B,22,2160,2200,2228
13,2B,22,1900,2000,2228
14,2B,22,2200,2208,2228
16,2B,22,1900,2000,2200
17,2B,22,2100,2120,2220
5,2B,23,1950,2150,2228
9,2B,23,1400,2000,2200
13,2B,23,2000,2200,2228
17,2B,23,1950,2050,2200
5,2B,24,1500,1550,1640
7,2B,24,1400,1600,1620
9,2B,24,1400,1450,1600
13,2B,24,1600,1610,1617
17,2B,24,1500,1550,1615
1,2B,25,1400,1500,1550
2,2B,25,1250,1350,1400
3,2B,25,1450,1600,1650
4,2B,25,1300,1450,1500
5,2B,25,1350,1400,1450
6,2B,25,1300,1400,1550
7,2B,25,1200,1350,1550
8,2B,25,1400,1600,1700
9,2B,25,1380,1400,1500
10,2B,25,1400,1400,1500
11,2B,25,1300,1450,1620
12,2B,25,1400,1425,1500
13,2B,25,1450,1500,1550
14,2B,25,1450,1550,1623
15,2B,25,1300,1350,1400
16,2B,25,1320,1380,1420
17,2B,25,1500,1550,1615
4,2B,26,1600,1775,1850
8,2B,26,1800,1850,1900
1,2B,27,1950,2050,2150
3,2B,27,2050,2150,2200
4,2B,27,1900,2227,2228
5,2B,27,1950,2040,2150
6,2B,27,1950,2000,2040
8,2B,27,1800,2000,2050
9,2B,27,1850,1900,2000
10,2B,27,1950,2000,2040
11,2B,27,2000,2100,2220
12,2B,27,1950,2200,2228
13,2B,27,2000,2100,2200
15,2B,27,1900,2050,2200
16,2B,27,1900,2050,2200
17,2B,27,1850,2100,2150
2,2B,28,1150,1230,1250
3,2B,28,950,1150,1256
4,2B,28,1100,1280,1300
5,2B,28,1200,1230,1240
6,2B,28,1254,1254,1255
7,2B,28,1200,1230,1300
8,2B,28,1000,1230,1250
9,2B,28,1500,1700,1800
10,2B,28,1254,1254,1255
11,2B,28,1000,1150,1200
12,2B,28,1150,1225,1300
13,2B,28,1200,1230,1250
14,2B,28,1150,1230,1300
15,2B,28,1100,1177.5,1255
16,2B,28,1180,1230,1250
17,2B,28,1150,1230,1300
4,2B,29,1420,1480,1500
8,2B,29,1500,1700,1750
14,2B,29,1970,1980,1986
1,2B,30,1500,1550,1560
2,2B,30,1100,1300,1550
3,2B,30,1350,1450,1550
4,2B,30,1150,1300,1400
5,2B,30,1400,1550,1560
6,2B,30,1250,1550,1565
7,2B,30,900,1100,1565
8,2B,30,1400,1560,1600
9,2B,30,1300,1350,1450
10,2B,30,1250,1550,1565
11,2B,30,1150,1250,1560
13,2B,30,1500,1560,1600
16,2B,30,1300,1495,1500
17,2B,30,1200,1300,1400
1,2B,31,2000,2150,2220
2,2B,31,1950,2050,2200
3,2B,31,2050,2100,2228
4,2B,31,1640,1750,1840
5,2B,31,2100,2200,2228
6,2B,31,2226,2227,2228
7,2B,31,2000,2100,2228
8,2B,31,1800,2000,2000
9,2B,31,1700,1900,2000
10,2B,31,2226,2227,2228
11,2B,31,1900,2000,2220
12,2B,31,1900,2200,2228
13,2B,31,1600,1700,2228
14,2B,31,2000,2100,2220
15,2B,31,1700,1775,1850
16,2B,31,1900,2100,2225
17,2B,31,2050,2050,2150
1,2B,32,1550,1650,1800
2,2B,32,1500,1700,1900
3,2B,32,1450,1850,1893
4,2B,32,1700,1850,1950
5,2B,32,1450,1850,1950
6,2B,32,1550,1560,1560
7,2B,32,1700,1800,1900
8,2B,32,1600,1900,2000
9,2B,32,1600,1700,1750
10,2B,32,1550,1560,1560
11,2B,32,1700,1750,1850
12,2B,32,1814,1850,1986
13,2B,32,1800,1900,1950
14,2B,32,1750,1820,1900
16,2B,32,1750,1820,1980
17,2B,32,1650,1750,1850
2,2B,33,1300,1450,1600
3,2B,33,2000,2200,2228
4,2B,33,1650,1685,1750
5,2B,33,1450,1550,1700
6,2B,33,1600,1700,1800
7,2B,33,1300,1450,1600
8,2B,33,1500,1750,1800
9,2B,33,1500,1500,1600
10,2B,33,1600,1700,1800
11,2B,33,1450,1500,1650
12,2B,33,1500,1600,1700
13,2B,33,1500,1650,1900
15,2B,33,1400,1500,1600
17,2B,33,1450,1520,1650
1,2B,34,1700,1800,1980
2,2B,34,1400,1500,1600
3,2B,34,1650,1800,1800
4,2B,34,1450,1700,1850
5,2B,34,1650,1750,1850
6,2B,34,1500,1900,2100
7,2B,34,1700,1850,1950
8,2B,34,1800,1900,2000
9,2B,34,1500,1650,1750
10,2B,34,1500,1900,2100
11,2B,34,1400,1700,1900
12,2B,34,1700,1800,1900
13,2B,34,1600,1750,2000
14,2B,34,1600,1700,1850
16,2B,34,1800,1900,2000
17,2B,34,1650,1780,1900
3,2B,35,850,1000,1030
4,2B,35,1100,1125,1150
5,2B,35,1700,1750,1800
6,2B,35,1400,1600,1800
8,2B,35,1400,1550,1600
9,2B,35,1400,1500,1600
13,2B,35,1500,1580,1600
1,2B,36,1650,1780,1830
2,2B,36,1600,1750,1900
3,2B,36,1780,1780,1893
4,2B,36,1400,1650,1700
5,2B,36,1600,1750,1800
6,2B,36,1900,1900,1900
7,2B,36,1600,1750,1850
8,2B,36,1600,1780,1800
9,2B,36,1500,1700,1750
10,2B,36,1900,1900,1900
11,2B,36,1700,1750,1800
12,2B,36,1720,1780,1850
13,2B,36,1700,1780,1850
14,2B,36,1700,1770,1800
16,2B,36,1650,1750,1800
17,2B,36,1600,1700,1800
4,2B,37,1780,1850,1880
6,2B,37,1500,1950,2200
8,2B,37,1550,1600,1600
5,3A,1,10,60,40
7,3A,1,10,100,50
9,3A,1,10,60,40
11,3A,1,0.4,60,30
13,3A,1,10,30,15
17,3A,1,16,60,25
1,3A,2,500000,10000000,2000000
2,3A,2,1500000,1900000,1700000
3,3A,2,1000000,1700000,1600000
4,3A,2,100,200000,100000
5,3A,2,40000,200000,100000
6,3A,2,20000,40000,30000
7,3A,2,1500000,2500000,1600000
9,3A,2,500000,2000000,1800000
10,3A,2,600000,3400000,1600000
11,3A,2,1000000,2000000,1700000
12,3A,2,200000,2000000,400000
13,3A,2,600000,3400000,1600000
14,3A,2,1000000,10000000,3000000
15,3A,2,1500000,3000000,2250000
16,3A,2,800000,1500000,1200000
17,3A,2,150000,200000,170000
2,3A,3,20,200,110
3,3A,3,100,333.4,260
4,3A,3,10,200,100
5,3A,3,10,40,15
6,3A,3,100,1000,700
9,3A,3,20,300,200
10,3A,3,40,10000,2000
11,3A,3,200,1000,400
12,3A,3,40,100,80
13,3A,3,100,400,200
15,3A,3,60,100,80
16,3A,3,2000,4000,3000
3,3A,4,20,100,90
4,3A,4,10,80,40
5,3A,4,0.2,10,2
6,3A,4,4,16,14
8,3A,4,20,40,30
9,3A,4,10,20,12
13,3A,4,10,100,40
1,3A,5,1,4,2
3,3A,5,2,10,8
4,3A,5,0.04,0.24,0.16
5,3A,5,0.2,1.6,0.4
6,3A,5,0.1,1,0.5
7,3A,5,0.3,2,1
9,3A,5,0.2,0.4,0.3
10,3A,5,0.1,2,0.2
11,3A,5,0.6,8,2
12,3A,5,0.04,0.4,0.12
13,3A,5,0.1,0.4,0.2
14,3A,5,0.1,1,0.4
16,3A,5,0.04,0.2,0.1
17,3A,5,0.2,2,0.7
3,3A,6,5,20,17
4,3A,6,1,16,7
5,3A,6,1,10,4
6,3A,6,6,100,50
9,3A,6,10,20,12
1,3A,7,2,80,30
2,3A,7,10,100,50
3,3A,7,20,50,35
4,3A,7,20,100,75
5,3A,7,0.5,4,1
6,3A,7,4,50,15
7,3A,7,10,100,40
8,3A,7,10,30,20
9,3A,7,40,60,50
10,3A,7,5,100,20
11,3A,7,20,200,50
12,3A,7,20,80,30
13,3A,7,5,100,20
14,3A,7,1,200,10
15,3A,7,10,100,55
16,3A,7,5,30,8
17,3A,7,60,100,70
1,3A,8,0.6,1.6,1
2,3A,8,0.02,0.8,0.1
3,3A,8,0.4,2,1.7
4,3A,8,0.2,0.4,0.36
5,3A,8,0.02,0.2,0.1
6,3A,8,0.02,0.6,0.2
7,3A,8,0.06,1,0.3
8,3A,8,0.1,1.2,0.4
9,3A,8,0.02,0.2,0.18
10,3A,8,0.02,0.6,0.2
11,3A,8,0.06,0.3,0.2
12,3A,8,0.04,0.3,0.2
13,3A,8,0.02,0.4,0.2
14,3A,8,0.04,70,3.2
16,3A,8,0.1,0.6,0.4
17,3A,8,0.04,0.14,0.06
5,3A,9,1,10,4
7,3A,9,0.4,30,8
9,3A,9,2,100,40
11,3A,9,0.2,30,10
17,3A,9,5,20,6
1,3A,10,6,100,50
2,3A,10,4,40,10
3,3A,10,10,80,50
4,3A,10,20,100,60
5,3A,10,2,100,20
6,3A,10,8,70,50
7,3A,10,1,20,8
8,3A,10,10,20,12
9,3A,10,10,80,50
10,3A,10,10,100,50
11,3A,10,6,60,16
12,3A,10,10,80,40
13,3A,10,20,140,80
14,3A,10,0.2,100,10
16,3A,10,20,60,36
17,3A,10,6,16,10
1,3A,12,2,200,100
2,3A,12,8,70,40
3,3A,12,50,200,160
4,3A,12,20,50,30
5,3A,12,4,40,10
6,3A,12,20,60,50
7,3A,12,4,100,40
8,3A,12,20,40,40
9,3A,12,10,100,60
10,3A,12,60,200,80
11,3A,12,8,100,30
12,3A,12,20,100,40
13,3A,12,10,200,40
14,3A,12,2,1000,200
15,3A,12,10,140,75
16,3A,12,8,40,16
17,3A,12,20,80,60
5,3A,14,0.02,0.4,0.08
7,3A,14,0.04,1,0.3
9,3A,14,0.08,0.4,0.3
11,3A,14,0.04,0.3,0.1
13,3A,14,0.06,0.3,0.1
17,3A,14,0.02,0.12,0.06
1,3A,15,1,20,10
2,3A,15,20,80,60
3,3A,15,3,6.7,5
4,3A,15,0.5,2,1.2
5,3A,15,0.5,5,2
6,3A,15,25,40,30
7,3A,15,10,50,30
8,3A,15,0.5,3,1.5
9,3A,15,10,100,50
10,3A,15,50,300,90
11,3A,15,0.2,2,0.5
12,3A,15,4,20,10
13,3A,15,3,100,25
14,3A,15,0.2,1000,500
15,3A,15,1,2,1.5
16,3A,15,10,60,25
17,3A,15,5,20,10
1,3A,16,4,40,32
2,3A,16,0.4,2,0.6
3,3A,16,4,40,24
4,3A,16,0.08,0.8,0.48
5,3A,16,0.4,4,1.2
6,3A,16,1.2,20,2
9,3A,16,4,16,10
10,3A,16,1.2,20,2
11,3A,16,6,20,12
12,3A,16,1.6,8,4
13,3A,16,0.2,1.2,0.6
15,3A,16,4,8,6
16,3A,16,4,12,7.2
17,3A,16,4,20,12
1,3A,17,25,300,30
2,3A,17,50,200,130
3,3A,17,100,300,250
4,3A,17,20,70,50
5,3A,17,0.5,50,20
6,3A,17,10,100,50
7,3A,17,200,300,250
9,3A,17,50,150,120
10,3A,17,10,100,50
11,3A,17,5,300,150
12,3A,17,100,200,150
13,3A,17,10,200,75
14,3A,17,1,1000,100
15,3A,17,200,300,250
16,3A,17,50,200,120
17,3A,17,50,120,70
1,3A,19,60,400,200
2,3A,19,10,160,50
3,3A,19,60,200,150
4,3A,19,100,200,150
5,3A,19,4,200,40
6,3A,19,40,200,100
7,3A,19,10,500,100
9,3A,19,80,200,140
10,3A,19,40,200,100
11,3A,19,4,14,12
12,3A,19,20,160,100
13,3A,19,100,600,300
5,3B,1,10,60,40
7,3B,1,10,100,50
9,3B,1,10,60,40
11,3B,1,2,60,10
13,3B,1,10,30,15
17,3B,1,16,50,25
1,3B,2,100000,8000000,1000000
2,3B,2,1500000,1900000,1700000
3,3B,2,800000,1600000,1500000
5,3B,2,40000,200000,100000
6,3B,2,10000,20000,12000
7,3B,2,1500000,2500000,1600000
9,3B,2,200000,15000000,1000000
10,3B,2,400000,3400000,1000000
11,3B,2,500000,1500000,1200000
12,3B,2,100000,1400000,200000
13,3B,2,600000,3200000,1200000
14,3B,2,0,100000000,1500000
15,3B,2,1500000,3000000,2250000
16,3B,2,50000,1000000,500000
17,3B,2,160000,210000,180000
2,3B,3,20,200,110
3,3B,3,100,260,240
4,3B,3,10,200,100
5,3B,3,10,40,15
6,3B,3,40,800,400
9,3B,3,20,300,200
10,3B,3,40,1000,2000
11,3B,3,200,1000,400
12,3B,3,40,100,80
13,3B,3,100,400,200
15,3B,3,60,100,80
16,3B,3,1800,4200,3000
3,3B,4,10,90,70
4,3B,4,8,60,24
5,3B,4,0.2,10,2
6,3B,4,2,10,8
8,3B,4,10,40,20
9,3B,4,10,20,12
13,3B,4,10,80,30
1,3B,5,1,4,2
3,3B,5,1,8,5
5,3B,5,0.2,1.6,0.4
6,3B,5,0.1,0.8,0.2
7,3B,5,0.3,2,1
9,3B,5,0.2,0.4,0.3
10,3B,5,0.1,2,0.2
11,3B,5,0.6,8,2
12,3B,5,0.04,0.4,0.12
13,3B,5,0.1,0.4,0.2
14,3B,5,0.1,2,0.4
16,3B,5,0.04,0.24,0.12
17,3B,5,0.6,2.4,0.8
3,3B,6,5,17,15
5,3B,6,1,10,4
6,3B,6,4,40,20
9,3B,6,10,20,12
1,3B,7,2,60,40
2,3B,7,10,100,50
3,3B,7,5,35,30
4,3B,7,20,100,75
5,3B,7,0.5,4,1
6,3B,7,3,60,20
7,3B,7,10,100,40
9,3B,7,30,50,40
10,3B,7,4,80,15
11,3B,7,20,100,40
12,3B,7,10,70,25
13,3B,7,5,100,20
14,3B,7,1,200,10
15,3B,7,10,100,55
16,3B,7,3,30,8
17,3B,7,70,90,70
1,3B,8,0.2,1.2,0.6
2,3B,8,0.02,0.8,0.1
3,3B,8,0.2,1.2,1.1
4,3B,8,0.12,0.36,0.2
5,3B,8,0.02,0.2,0.1
6,3B,8,0.02,0.5,0.1
7,3B,8,0.06,1,0.3
8,3B,8,0.02,0.8,0.2
9,3B,8,0.02,0.14,0.1
10,3B,8,0.02,0.4,0.1
11,3B,8,0.06,0.3,0.2
12,3B,8,0.04,0.2,0.14
13,3B,8,0.02,0.4,0.16
14,3B,8,0.04,70,3.2
16,3B,8,0.04,0.7,0.4
17,3B,8,0.06,0.3,0.1
5,3B,9,1,10,4
7,3B,9,0.4,30,8
9,3B,9,2,100,40
11,3B,9,0.2,30,10
17,3B,9,4,14,5
1,3B,10,4,80,40
2,3B,10,4,40,10
3,3B,10,10,70,60
4,3B,10,200,240,210
5,3B,10,2,100,20
6,3B,10,8,70,50
7,3B,10,1,20,8
8,3B,10,6,10,7
9,3B,10,10,80,50
10,3B,10,10,100,50
11,3B,10,6,50,12
12,3B,10,10,80,40
13,3B,10,20,140,80
14,3B,10,0.2,200,6
16,3B,10,16,60,30
17,3B,10,6,16,10
1,3B,12,0,140,80
2,3B,12,8,70,40
3,3B,12,20,160,120
4,3B,12,6,20,10
5,3B,12,4,40,10
6,3B,12,6,30,12
7,3B,12,0,100,40
8,3B,12,10,30,20
9,3B,12,10,100,60
10,3B,12,10,200,80
11,3B,12,4,100,20
12,3B,12,20,100,40
13,3B,12,10,200,40
14,3B,12,0,1000,200
15,3B,12,10,140,75
16,3B,12,0,40,16
17,3B,12,15,60,30
5,3B,14,0.02,0.4,0.08
7,3B,14,0.04,1,0.3
9,3B,14,0.1,0.5,0.34
11,3B,14,0.04,0.3,0.1
13,3B,14,0.06,0.3,0.1
17,3B,14,0.02,0.12,0.08
1,3B,15,0.2,10,2
2,3B,15,20,80,60
3,3B,15,2,5,3
4,3B,15,0.4,1.2,0.8
5,3B,15,0.5,5,2
6,3B,15,10,20,15
7,3B,15,10,50,30
8,3B,15,0.1,1,0.5
9,3B,15,5,80,30
10,3B,15,50,300,90
11,3B,15,0.2,2,0.5
12,3B,15,4,20,10
13,3B,15,3,100,25
14,3B,15,0.2,1000,500
15,3B,15,1,2,1.5
16,3B,15,8,55,20
17,3B,15,6,20,10
1,3B,16,2,40,20
2,3B,16,0.4,2,0.6
3,3B,16,4,40,24
4,3B,16,0.08,0.6,0.4
5,3B,16,0.4,4,1.2
6,3B,16,1.2,20,2
9,3B,16,4,12,8
10,3B,16,1.2,20,2
11,3B,16,6,20,12
12,3B,16,1.6,8,4
13,3B,16,0.2,1.2,0.6
16,3B,16,4,12,8
17,3B,16,4,20,12
1,3B,17,5,250,15
2,3B,17,50,200,130
3,3B,17,50,250,210
4,3B,17,0.5,5,3.5
5,3B,17,0.5,50,20
6,3B,17,10,90,40
7,3B,17,0,250,200
9,3B,17,40,120,100
10,3B,17,10,90,40
11,3B,17,0,300,80
12,3B,17,80,160,120
13,3B,17,10,200,75
14,3B,17,0.1,1000,70
15,3B,17,100,150,125
16,3B,17,20,180,60
17,3B,17,50,100,65
13,3B,36,5,100,16